05eff1e,arjun01bhatnagar,FinalBuild,,16 minutes ago
7456258,arjun01bhatnagar,Merge branch 'main' of https://github.com/ArcanicDES310/FoodSafety-310,,Tue May 10 15:52
1816a63,arjun01bhatnagar,final,,Tue May 10 15:51
8769359,arjun01bhatnagar,new,,Fri Apr 22 13:24
76ca967,Dropout98,Environment Props Insertion,Models added into new folder named Enviornment Props,
#NAME?,,,,
#NAME?,,,,
#NAME?,,,,
,Thu Apr 21 22:47,,,
ca23901,arjun01bhatnagar,additions,,Tue Apr 19 16:11
72d4981,arjun01bhatnagar,PauseMenu added,,Tue Apr 19 13:23
35cba61,arjun01bhatnagar,game,,Mon Apr 18 14:37
2b930e3,arjun01bhatnagar,change,,Tue Apr 12 18:13
0a800c7,arjun01bhatnagar,change,,Wed Mar 30 14:19
b549185,arjun01bhatnagar,new,,Sun Mar 27 13:22
af4d3e3,arjun01bhatnagar,Initial commit,,Sun Mar 27 12:59
